{"cameraMode":{"drawMode":0,"name":"Shaded","section":"Shading Mode"},"sceneLighting":false,"audioPlay":false,"sceneViewState":{"showFog":true,"showMaterialUpdate":false,"showSkybox":true,"showFlares":true,"showImageEffects":true,"showParticleSystems":true,"showVisualEffectGraphs":true,"m_FxEnabled":true},"in2DMode":false,"pivot":{"x":146.21632385253907,"y":46.82683181762695,"z":212.9678497314453},"rotation":{"x":-0.0034469696693122389,"y":-0.9959815144538879,"z":0.04395128786563873,"w":-0.07813795655965805},"size":2.4091930389404299,"orthographic":false}