{"cameraMode":{"drawMode":0,"name":"Shaded","section":"Shading Mode"},"sceneLighting":false,"audioPlay":false,"sceneViewState":{"showFog":true,"showMaterialUpdate":false,"showSkybox":false,"showFlares":true,"showImageEffects":true,"showParticleSystems":true,"showVisualEffectGraphs":true,"m_FxEnabled":true},"in2DMode":false,"pivot":{"x":242.90101623535157,"y":23.371917724609376,"z":156.6114044189453},"rotation":{"x":-0.057694099843502048,"y":0.21394339203834535,"z":-0.012655221857130528,"w":-0.9750663638114929},"size":1.4643843173980713,"orthographic":false}