{"cameraMode":{"drawMode":0,"name":"Shaded","section":"Shading Mode"},"sceneLighting":false,"audioPlay":false,"sceneViewState":{"showFog":true,"showMaterialUpdate":false,"showSkybox":false,"showFlares":true,"showImageEffects":true,"showParticleSystems":true,"showVisualEffectGraphs":true,"m_FxEnabled":true},"in2DMode":false,"pivot":{"x":244.2566680908203,"y":23.39832878112793,"z":157.23989868164063},"rotation":{"x":-0.057694099843502048,"y":0.21394339203834535,"z":-0.012655221857130528,"w":-0.9750663638114929},"size":2.364384174346924,"orthographic":false}